Date,Action,Symbol,Description,Quantity,Price,Fees & Comm,Amount
06/12/2026,Buy,SGOV,ISHARES 0-3 MONTH TREASURY BOND ETF,940,$100.52,,"-$94,488.61"
06/12/2026,Sell,QLD,PROSHARES ULTRA QQQ,505,$94.00,$1.08,"$47,468.92"
06/12/2026,Sell,QLD,PROSHARES ULTRA QQQ,500,$94.00,$1.07,"$46,998.93"
06/11/2026,NRA Tax Adj,MSFT,MICROSOFT CORP,,,,-$5.46
06/11/2026,Qualified Dividend,MSFT,MICROSOFT CORP,,,,$18.20
06/03/2026,Buy,QLD,PROSHARES ULTRA QQQ,305,$99.99,,"-$30,496.95"
06/03/2026,Sell,QQQM,INVESCO NASDAQ ...100 ETF,99,$306.30,$0.64,"$30,323.06"
06/01/2026,Buy,QQQM,INVESCO NASDAQ ...100 ETF,99,$306.25,,"-$30,318.75"
06/01/2026,Sell,QLD,PROSHARES ULTRA QQQ,304.6363,$100.00,$0.69,"$30,462.94"
03/31/2026,Reinvest Shares,QLD,PROSHARES ULTRA QQQ,0.5161,$59.12,,-$30.51
03/31/2026,Reinvest Dividend,QLD,PROSHARES ULTRA QQQ,,,,$43.58
03/31/2026,NRA Tax Adj,QLD,PROSHARES ULTRA QQQ,,,,-$13.07
03/12/2026,NRA Tax Adj,MSFT,MICROSOFT CORP,,,,-$2.73
03/12/2026,Qualified Dividend,MSFT,MICROSOFT CORP,,,,$9.10
02/23/2026,Buy,MSFT,MICROSOFT CORP,10,$388.36,,"-$3,883.55"
02/23/2026,Sell,QLD,PROSHARES ULTRA QQQ ETF,42,$67.53,$0.01,"$2,836.25"
02/23/2026,Sell,SGOV,ISHARES 0 TO 3 MNTH TREASURY BND ETF,10,$100.58,,"$1,005.84"
02/11/2026,Buy,SGOV,ISHARES 0-3 MONTH TREASURY BOND ETF,10,$100.47,,"-$1,004.70"
02/05/2026,NRA Tax Adj,SGOV,ISHARES 0-3 MONTH TREASURY BOND ETF,,,,-$4.92
02/05/2026,Cash Dividend,SGOV,ISHARES 0-3 MONTH TREASURY BOND ETF,,,,$16.39
02/03/2026,Buy,IBIT,ISHARES BITCOIN ETF,100,$43.00,,"-$4,300.00"
02/02/2026,Sell,SGOV,ISHARES 0-3 MONTH TREASURY BOND ETF,10,$100.38,,"$1,003.80"
02/02/2026,Sell,SGOV,ISHARES 0-3 MONTH TREASURY BOND ETF,43,$100.37,$0.01,"$4,315.90"
01/21/2026,Buy,MSFT,MICROSOFT CORP,10,$444.36,,"-$4,443.60"
01/21/2026,Sell,SGOV,ISHARES 0-3 MONTH TREASURY BOND ETF,44,$100.57,$0.01,"$4,425.07"
12/31/2025,Reinvest Shares,QLD,PROSHARES ULTRA QQQ ETF,0.7872,$71.14,,-$56.00
12/31/2025,Reinvest Dividend,QLD,PROSHARES ULTRA QQQ ETF,,,,$80.00
12/31/2025,NRA Tax Adj,QLD,PROSHARES ULTRA QQQ ETF,,,,-$24.00
12/30/2025,Buy,SGOV,ISHARES 0-3 MONTH TREASURY BOND ETF,97,$100.37,,"-$9,735.62"
12/30/2025,Sell,QLD,PROSHARES ULTRA QQQ ETF,99,$71.75,$0.02,"$7,103.23"
12/30/2025,Buy,IBIT,ISHARES BITCOIN ETF,100,$50.05,,"-$5,004.89"
12/30/2025,Sell,QLD,PROSHARES ULTRA QQQ ETF,100,$71.93,$0.02,"$7,192.98"
11/21/2025 as of 11/19/2025,Cash In Lieu,QLD,PROSHARES ULTRA QQQ ETF,,,,$21.28
11/20/2025 as of 11/19/2025,Stock Split,QLD,PROSHARES ULTRA QQQ ETF,"1,772",$67.60,,
09/30/2025,Reinvest Shares,QLD,PROSHARES ULTRA QQQ ETF,0.3713,$136.03,,-$50.51
09/30/2025,Reinvest Dividend,QLD,PROSHARES ULTRA QQQ ETF,,,,$72.16
09/30/2025,NRA Tax Adj,QLD,PROSHARES ULTRA QQQ ETF,,,,-$21.65
08/28/2025,NRA Tax Adj,,SCHWAB1 INT 07/30-08/27,,,,-$0.13
08/28/2025,Credit Interest,,SCHWAB1 INT 07/30-08/27,,,,$0.46
08/28/2025,Security Transfer,QLD,PROSHARES ULTRA QQQ ETF,-300,,,
08/22/2025,Security Transfer,,ACAT TOA TO ...308,,,,"-$15,000.00"
07/30/2025,NRA Tax Adj,,SCHWAB1 INT 06/27-07/29,,,,-$0.16
07/30/2025,Credit Interest,,SCHWAB1 INT 06/27-07/29,,,,$0.54
07/28/2025,Sell,ASML,ASML HLDG N V FSPONSORED ADR 1 ADR REPS 1 ORD SHS,10,$735.00,,"$7,350.00"
07/16/2025,Buy,ASML,ASML HLDG N V FSPONSORED ADR 1 ADR REPS 1 ORD SHS,10,$732.00,,"-$7,320.00"
07/10/2025,Foreign Tax Paid,TSM,TAIWAN SEMICONDUCTOR M FSPONSORED ADR 1 ADR REPS 5 ORD SHS,,,,-$11.47
07/10/2025,Qualified Dividend,TSM,TAIWAN SEMICONDUCTOR M FSPONSORED ADR 1 ADR REPS 5 ORD SHS,,,,$54.62
07/01/2025,Reinvest Shares,QLD,PROSHARES ULTRA QQQ ETF,1.5387,$116.95,,-$179.95
07/01/2025,Reinvest Dividend,QLD,PROSHARES ULTRA QQQ ETF,,,,$257.07
07/01/2025,NRA Tax Adj,QLD,PROSHARES ULTRA QQQ ETF,,,,-$77.12
06/27/2025,NRA Tax Adj,,SCHWAB1 INT 05/29-06/26,,,,-$0.01
06/27/2025,Credit Interest,,SCHWAB1 INT 05/29-06/26,,,,$0.04
06/24/2025,Sell,TSM,TAIWAN SEMICONDUCTOR M FSPONSORED ADR 1 ADR REPS 5 ORD SHS,70,$219.00,$0.01,"$15,329.99"
04/10/2025,Foreign Tax Paid,TSM,TAIWAN SEMICONDUCTOR M FSPONSORED ADR 1 ADR REPS 5 ORD SHS,,,,-$9.96
04/10/2025,Qualified Dividend,TSM,TAIWAN SEMICONDUCTOR M FSPONSORED ADR 1 ADR REPS 5 ORD SHS,,,,$47.44
04/01/2025,Reinvest Shares,QLD,PROSHARES ULTRA QQQ ETF,0.4203,$88.42,,-$37.16
04/01/2025,Reinvest Dividend,QLD,PROSHARES ULTRA QQQ ETF,,,,$53.08
04/01/2025,NRA Tax Adj,QLD,PROSHARES ULTRA QQQ ETF,,,,-$15.92
03/11/2025,Buy,QLD,PROSHARES ULTRA QQQ ETF,4,$89.71,,-$358.82
03/11/2025,Buy,QLD,PROSHARES ULTRA QQQ ETF,45,$89.98,,"-$4,049.10"
03/11/2025,Buy,QLD,PROSHARES ULTRA QQQ ETF,600,$90.27,,"-$54,159.00"
03/11/2025,Sell,VTI,VANGUARD TOTAL STOCK MARKET ETF,214,$273.76,$1.67,"$58,582.31"
01/30/2025,NRA Tax Adj,,SCHWAB1 INT 12/30-01/29,,,,-$0.07
01/30/2025,Credit Interest,,SCHWAB1 INT 12/30-01/29,,,,$0.24
01/27/2025,Buy,TSM,TAIWAN SEMICONDUCTOR M FSPONSORED ADR 1 ADR REPS 5 ORD SHS,7,$192.46,,"-$1,347.22"
01/27/2025,Sell,VTI,VANGUARD TOTAL STOCK MARKET ETF,4.5289,$296.39,$0.03,"$1,342.29"
01/27/2025,Buy,TSM,TAIWAN SEMICONDUCTOR M FSPONSORED ADR 1 ADR REPS 5 ORD SHS,3,$193.70,,-$581.10
01/27/2025,Sell,VTI,VANGUARD TOTAL STOCK MARKET ETF,2,$296.90,$0.02,$593.78
01/27/2025,Buy,TSM,TAIWAN SEMICONDUCTOR M FSPONSORED ADR 1 ADR REPS 5 ORD SHS,15,$201.35,,"-$3,020.25"
01/27/2025,Sell,AAPL,APPLE INC,10,$226.69,$0.06,"$2,266.87"
01/27/2025,Buy,TSM,TAIWAN SEMICONDUCTOR M FSPONSORED ADR 1 ADR REPS 5 ORD SHS,10,$202.06,,"-$2,020.55"
01/27/2025,Sell,AAPL,APPLE INC,10,$227.27,$0.06,"$2,272.64"
01/27/2025,Buy,TSM,TAIWAN SEMICONDUCTOR M FSPONSORED ADR 1 ADR REPS 5 ORD SHS,20,$201.72,,"-$4,034.31"
01/27/2025,Sell,AAPL,APPLE INC,20,$226.52,$0.13,"$4,530.27"
01/27/2025,Buy,TSM,TAIWAN SEMICONDUCTOR M FSPONSORED ADR 1 ADR REPS 5 ORD SHS,5,$201.53,,"-$1,007.63"
01/27/2025,Buy,TSM,TAIWAN SEMICONDUCTOR M FSPONSORED ADR 1 ADR REPS 5 ORD SHS,10,$198.00,,"-$1,980.00"
01/27/2025,Buy,QLD,PROSHARES ULTRA QQQ ETF,100,$107.55,,"-$10,755.00"
01/27/2025,Sell,AAPL,APPLE INC,60,$225.08,$0.39,"$13,504.41"
01/17/2025,Buy,AAPL,APPLE INC,100,$230.00,,"-$23,000.00"
01/16/2025,Buy,VTI,VANGUARD TOTAL STOCK MARKET ETF,50,$294.00,,"-$14,700.00"
01/15/2025,Buy,VTI,VANGUARD TOTAL STOCK MARKET ETF,50,$292.50,,"-$14,625.00"
01/15/2025,Wire Received,,WIRED FUNDS RECEIVED,,,,"$52,450.00"
12/31/2024,Reinvest Shares,QLD,PROSHARES ULTRA QQQ ETF,0.514,$110.36,,-$56.73
12/31/2024,NRA Tax Adj,QLD,PROSHARES ULTRA QQQ ETF,,,,-$24.31
12/31/2024,Reinvest Dividend,QLD,PROSHARES ULTRA QQQ ETF,,,,$81.04
12/26/2024,Reinvest Shares,VTI,VANGUARD TOTAL STOCK MARKET ETF,0.2674,$296.34,,-$79.23
12/26/2024,Reinvest Dividend,VTI,VANGUARD TOTAL STOCK MARKET ETF,,,,$113.19
12/26/2024,NRA Tax Adj,VTI,VANGUARD TOTAL STOCK MARKET ETF,,,,-$33.96
10/02/2024,Reinvest Shares,QLD,PROSHARES ULTRA QQQ ETF,0.4887,$97.27,,-$47.54
10/02/2024,Reinvest Dividend,QLD,PROSHARES ULTRA QQQ ETF,,,,$67.92
10/02/2024,NRA Tax Adj,QLD,PROSHARES ULTRA QQQ ETF,,,,-$20.38
10/01/2024,Reinvest Shares,VTI,VANGUARD TOTAL STOCK MARKET ETF,0.2615,$279.74,,-$73.14
10/01/2024,Reinvest Dividend,VTI,VANGUARD TOTAL STOCK MARKET ETF,,,,$104.48
10/01/2024,NRA Tax Adj,VTI,VANGUARD TOTAL STOCK MARKET ETF,,,,-$31.34
08/26/2024,Buy,QLD,PROSHARES ULTRA QQQ ETF,30,$95.52,,"-$2,865.49"
08/26/2024,Sell,VTI,VANGUARD TOTAL STOCK MARKET ETF,10,$276.88,$0.08,"$2,768.75"
08/26/2024,Buy,QLD,PROSHARES ULTRA QQQ ETF,30,$95.93,,"-$2,877.90"
08/26/2024,Sell,VTI,VANGUARD TOTAL STOCK MARKET ETF,10,$277.31,$0.08,"$2,773.02"
08/26/2024,Buy,QLD,PROSHARES ULTRA QQQ ETF,30,$96.54,,"-$2,896.05"
08/26/2024,Sell,VTI,VANGUARD TOTAL STOCK MARKET ETF,10,$277.75,$0.08,"$2,777.40"
08/26/2024,Buy,QLD,PROSHARES ULTRA QQQ ETF,140,$96.98,,"-$13,576.84"
08/26/2024,Sell,QQQM,INVESCO NASDAQ ...100 ETF,70,$196.27,$0.39,"$13,738.35"
08/26/2024,Buy,QLD,PROSHARES ULTRA QQQ ETF,140,$97.47,,"-$13,645.24"
08/26/2024,Sell,VTI,VANGUARD TOTAL STOCK MARKET ETF,50,$278.09,$0.40,"$13,903.85"
08/26/2024,Buy,QLD,PROSHARES ULTRA QQQ ETF,145,$97.63,,"-$14,156.34"
08/26/2024,Sell,VTI,VANGUARD TOTAL STOCK MARKET ETF,50,$278.16,$0.40,"$13,907.60"
08/26/2024,Buy,QLD,PROSHARES ULTRA QQQ ETF,155,$97.94,,"-$15,181.09"
08/26/2024,Sell,SSO,PROSHARES ULTRA S&P ...500 ETF,175,$87.13,$0.45,"$15,247.32"
08/07/2024,Buy,QLD,PROSHARES ULTRA QQQ ETF,150,$86.05,,"-$12,907.49"
08/07/2024,Sell,VTI,VANGUARD TOTAL STOCK MARKET ETF,50,$261.28,$0.37,"$13,063.81"
08/07/2024,Buy,QLD,PROSHARES ULTRA QQQ ETF,65,$85.97,,"-$5,588.05"
08/07/2024,Sell,QQQM,INVESCO NASDAQ ...100 ETF,30,$184.27,$0.15,"$5,527.95"
08/07/2024,Buy,QLD,PROSHARES ULTRA QQQ ETF,5,$85.64,,-$428.20
08/07/2024,Buy,QLD,PROSHARES ULTRA QQQ ETF,60,$85.64,,"-$5,138.10"
08/07/2024,Sell,QQQM,INVESCO NASDAQ ...100 ETF,30,$183.89,$0.15,"$5,516.46"
08/05/2024,Buy,SSO,PROSHARES ULTRA S&P ...500 ETF,25,$73.50,,"-$1,837.50"
08/05/2024,Buy,SSO,PROSHARES ULTRA S&P ...500 ETF,150,$73.44,,"-$11,016.00"
08/05/2024,Sell,VTI,VANGUARD TOTAL STOCK MARKET ETF,45,$254.21,$0.33,"$11,438.90"
08/05/2024,Buy,QLD,PROSHARES ULTRA QQQ ETF,100,$80.00,,"-$8,000.00"
08/05/2024,Buy,QLD,PROSHARES ULTRA QQQ ETF,100,$79.50,,"-$7,950.00"
08/05/2024,Buy,QLD,PROSHARES ULTRA QQQ ETF,100,$79.00,,"-$7,900.00"
08/05/2024,Sell,VTI,VANGUARD TOTAL STOCK MARKET ETF,100,$252.20,$0.72,"$25,219.28"
08/01/2024,Buy,QLD,PROSHARES ULTRA QQQ ETF,15,$89.90,,"-$1,348.50"
08/01/2024,Sell,VTI,VANGUARD TOTAL STOCK MARKET ETF,5,$267.60,$0.04,"$1,337.96"
08/01/2024,Buy,QLD,PROSHARES ULTRA QQQ ETF,30,$89.99,,"-$2,699.70"
08/01/2024,Sell,VTI,VANGUARD TOTAL STOCK MARKET ETF,11,$267.31,$0.08,"$2,940.35"
07/30/2024,NRA Tax Adj,,SCHWAB1 INT 06/27-07/29,,,,-$0.68
07/30/2024,Credit Interest,,SCHWAB1 INT 06/27-07/29,,,,$2.28
07/30/2024,Buy,QLD,PROSHARES ULTRA QQQ ETF,25,$89.86,,"-$2,246.50"
07/30/2024,Sell,VTI,VANGUARD TOTAL STOCK MARKET ETF,0.1412,$267.79,,$37.81
07/30/2024,Sell,912797GK7,US TREASURY BILL24U S T BILL DUE 08/08/24,"2,000",$99.88,,"$1,997.66"
07/25/2024,Buy,QQQM,INVESCO NASDAQ ...100 ETF,10,$189.97,,"-$1,899.69"
07/25/2024,Buy,QQQM,INVESCO NASDAQ ...100 ETF,20,$190.00,,"-$3,800.00"
07/17/2024,Buy,QQQM,INVESCO NASDAQ ...100 ETF,15,$200.00,,"-$3,000.00"
07/09/2024,Buy,QQQM,INVESCO NASDAQ ...100 ETF,50,$205.00,,"-$10,250.00"
07/09/2024,Sell,AAPL,APPLE INC,50,$228.20,$0.33,"$11,409.67"
07/09/2024,Buy,QQQM,INVESCO NASDAQ ...100 ETF,10,$205.00,,"-$2,050.00"
07/02/2024,Reinvest Shares,VTI,VANGUARD TOTAL STOCK MARKET ETF,1.1412,$268.58,,-$306.51
07/02/2024,NRA Tax Adj,VTI,VANGUARD TOTAL STOCK MARKET ETF,,,,-$131.36
07/02/2024,Reinvest Dividend,VTI,VANGUARD TOTAL STOCK MARKET ETF,,,,$437.87
07/02/2024,Sell,QQQM,INVESCO NASDAQ ...100 ETF,0.0224,$198.84,,$4.45
07/02/2024,Sell,EWJ,ISHARES MSCI JAPAN ETF,140,$68.55,$0.29,"$9,596.71"
06/28/2024,Reinvest Shares,QQQM,INVESCO NASDAQ ...100 ETF,0.0224,$200.16,,-$4.48
06/28/2024,Reinvest Dividend,QQQM,INVESCO NASDAQ ...100 ETF,,,,$6.40
06/28/2024,NRA Tax Adj,QQQM,INVESCO NASDAQ ...100 ETF,,,,-$1.92
06/27/2024,NRA Tax Adj,,SCHWAB1 INT 05/30-06/26,,,,-$0.21
06/27/2024,Credit Interest,,SCHWAB1 INT 05/30-06/26,,,,$0.71
06/24/2024,Buy,QQQM,INVESCO NASDAQ ...100 ETF,5,$197.00,,-$985.00
06/24/2024,Sell,912797GK7,US TREASURY BILL24U S T BILL DUE 08/08/24,"1,000",$99.36,,$993.60
06/21/2024,Buy,QQQM,INVESCO NASDAQ ...100 ETF,10,$197.00,,"-$1,970.00"
06/17/2024,Sell,912797GK7,US TREASURY BILL24U S T BILL DUE 08/08/24,"2,000",$99.26,,"$1,985.12"
06/17/2024,Buy,VTI,VANGUARD TOTAL STOCK MARKET ETF,10,$266.20,,"-$2,662.00"
06/17/2024,Sell,912797GK7,US TREASURY BILL24U S T BILL DUE 08/08/24,"2,000",$99.26,,"$1,985.13"
06/17/2024,Buy,VTI,VANGUARD TOTAL STOCK MARKET ETF,10,$266.20,,"-$2,662.00"
06/17/2024,Sell,912797GK7,US TREASURY BILL24U S T BILL DUE 08/08/24,"1,000",$99.26,,$992.57
06/17/2024,Sell,912797GK7,US TREASURY BILL24U S T BILL DUE 08/08/24,"2,000",$99.26,,"$1,985.13"
06/12/2024,Buy,EWJ,ISHARES MSCI JAPAN ETF,90,$68.80,,"-$6,192.00"
06/12/2024,Sell,912797KB2,US TREASURY BILL24U S T BILL DUE 08/15/24,"5,000",$99.08,,"$4,954.00"
06/12/2024,Buy,EWJ,ISHARES MSCI JAPAN ETF,50,$68.80,,"-$3,440.00"
06/12/2024,Sell,91282CCT6,US TREASU NT 0.375%08/24UST NOTE DUE 08/15/24,"5,000",$99.15,,"$4,963.55"
06/06/2024,Buy,QQQM,INVESCO NASDAQ ...100 ETF,10,$190.70,,"-$1,907.00"
06/06/2024,Buy,VTI,VANGUARD TOTAL STOCK MARKET ETF,10,$263.90,,"-$2,639.00"
05/30/2024,NRA Tax Adj,,SCHWAB1 INT 04/29-05/29,,,,-$0.67
05/30/2024,Credit Interest,,SCHWAB1 INT 04/29-05/29,,,,$2.26
05/23/2024,Buy,AAPL,APPLE INC,50,$190.00,,"-$9,500.00"
05/22/2024,Journal,912797KB2,US TREASURY BILL24U S T BILL DUE 08/15/24,"-5,000",,,
05/22/2024,Journal,912797KB2,US TREASURY BILL24U S T BILL DUE 08/15/24,"5,000",,,
05/21/2024,Journal,91282CCT6,US TREASU NT 0.375%08/24UST NOTE DUE 08/15/24,"-5,000",,,
05/21/2024,Journal,91282CCT6,US TREASU NT 0.375%08/24UST NOTE DUE 08/15/24,"5,000",,,
05/21/2024,Journal,912797GK7,US TREASURY BILL24U S T BILL DUE 08/08/24,"-10,000",,,
05/21/2024,Journal,912797GK7,US TREASURY BILL24U S T BILL DUE 08/08/24,"10,000",,,
05/21/2024,Journal,VTI,VANGUARD TOTAL STOCK MARKET ETF,-430,,,
05/21/2024,Journal,VTI,VANGUARD TOTAL STOCK MARKET ETF,430,,,
05/20/2024,Buy,912797KB2,US TREASURY BILL24U S T BILL DUE 08/15/24,"5,000",$98.75,,"-$4,937.49"
05/17/2024,Journal,91282CCT6,US TREASU NT 0.375%08/24UST NOTE DUE 08/15/24,"-5,000",,,
05/17/2024,Journal,91282CCT6,US TREASU NT 0.375%08/24UST NOTE DUE 08/15/24,"5,000",,,
05/17/2024,Journal,912797GK7,US TREASURY BILL24U S T BILL DUE 08/08/24,"-10,000",,,
05/17/2024,Journal,912797GK7,US TREASURY BILL24U S T BILL DUE 08/08/24,"10,000",,,
05/17/2024,Journal,VTI,VANGUARD TOTAL STOCK MARKET ETF,-430,,,
05/17/2024,Journal,VTI,VANGUARD TOTAL STOCK MARKET ETF,430,,,
05/16/2024,Sell,VTI,VANGUARD TOTAL STOCK MARKET ETF,0.9681,$262.89,,$254.50
05/16/2024,Sell,AAPL,APPLE INC,50,$190.11,$0.09,"$9,505.16"
05/15/2024,Buy,AAPL,APPLE INC,50,$189.90,,"-$9,494.93"
05/15/2024,Sell,SSO,PROSHARES ULTRA S&P ...500 ETF,100,$78.00,$0.08,"$7,799.92"
05/13/2024,Sell,QLD,PROSHARES ULTRA QQQ ETF,90,$86.12,$0.07,"$7,750.37"
05/13/2024,Buy,91282CCT6,US TREASU NT 0.375%08/24UST NOTE DUE 08/15/24,"5,000",$98.73,,"-$4,941.07"
05/13/2024,Buy,912797GK7,US TREASURY BILL24U S T BILL DUE 08/08/24,"10,000",$98.75,,"-$9,874.77"
05/13/2024,Sell,QQQM,INVESCO NASDAQ ...100 ETF,100,$182.30,$0.17,"$18,229.87"
04/29/2024,NRA Tax Adj,,SCHWAB1 INT 03/27-04/28,,,,-$1.81
04/29/2024,Credit Interest,,SCHWAB1 INT 03/27-04/28,,,,$6.06
04/19/2024,Buy,QLD,PROSHARES ULTRA QQQ ETF,2,$75.31,,-$150.62
04/19/2024,Buy,SSO,PROSHARES ULTRA S&P ...500 ETF,100,$69.85,,"-$6,985.00"
04/19/2024,Sell,VTI,VANGUARD TOTAL STOCK MARKET ETF,28,$246.50,$0.06,"$6,901.94"
04/19/2024,Buy,QLD,PROSHARES ULTRA QQQ ETF,88,$77.80,,"-$6,846.37"
04/19/2024,Sell,VTI,VANGUARD TOTAL STOCK MARKET ETF,28,$246.70,$0.06,"$6,907.54"
04/17/2024,Buy,VTI,VANGUARD TOTAL STOCK MARKET ETF,6,$249.30,,"-$1,495.80"
04/02/2024,Buy,QQQM,INVESCO NASDAQ ...100 ETF,50,$181.01,,"-$9,050.50"
04/02/2024,Buy,VTI,VANGUARD TOTAL STOCK MARKET ETF,158,$257.50,,"-$40,685.00"
03/28/2024,Reinvest Shares,VTI,VANGUARD TOTAL STOCK MARKET ETF,0.79,$259.92,,-$205.34
03/28/2024,Buy,QQQM,INVESCO NASDAQ ...100 ETF,50,$183.00,,"-$9,150.00"
03/27/2024,NRA Tax Adj,,SCHWAB1 INT 02/28-03/26,,,,-$1.12
03/27/2024,Credit Interest,,SCHWAB1 INT 02/28-03/26,,,,$3.75
03/27/2024,Reinvest Dividend,VTI,VANGUARD TOTAL STOCK MARKET ETF,,,,$293.34
03/27/2024,NRA Tax Adj,VTI,VANGUARD TOTAL STOCK MARKET ETF,,,,-$88.00
03/27/2024,NRA Tax Adj,QLD,PROSHARES ULTRA QQQ ETF,,,,-$2.75
03/27/2024,Cash Dividend,QLD,PROSHARES ULTRA QQQ ETF,,,,$9.15
03/27/2024,NRA Tax Adj,SSO,PROSHARES ULTRA S&P ...500 ETF,,,,-$31.99
03/27/2024,Cash Dividend,SSO,PROSHARES ULTRA S&P ...500 ETF,,,,$106.64
03/20/2024,Sell,SSO,PROSHARES ULTRA S&P ...500 ETF,200,$76.80,$0.15,"$15,359.85"
03/20/2024,Sell,QLD,PROSHARES ULTRA QQQ ETF,165.0585,$87.40,$0.15,"$14,425.96"
03/20/2024,Sell,SSO,PROSHARES ULTRA S&P ...500 ETF,200,$76.50,$0.16,"$15,299.84"
03/20/2024,Sell,SSO,PROSHARES ULTRA S&P ...500 ETF,200,$75.65,$0.15,"$15,129.85"
03/07/2024,Buy,VTI,VANGUARD TOTAL STOCK MARKET ETF,80,$255.63,,"-$20,450.40"
03/07/2024,Sell,SSO,PROSHARES ULTRA S&P ...500 ETF,274,$75.00,$0.21,"$20,549.79"
02/28/2024,NRA Tax Adj,,SCHWAB1 INT 01/30-02/27,,,,-$0.05
02/28/2024,Credit Interest,,SCHWAB1 INT 01/30-02/27,,,,$0.17
02/05/2024,Buy,VTI,VANGUARD TOTAL STOCK MARKET ETF,57,$244.30,,"-$13,925.10"
02/02/2024,Sell,SSO,PROSHARES ULTRA S&P ...500 ETF,200,$70.00,$0.14,"$13,999.86"
02/02/2024,Buy,VTI,VANGUARD TOTAL STOCK MARKET ETF,30,$244.85,,"-$7,345.50"
02/02/2024,Sell,SSO,PROSHARES ULTRA S&P ...500 ETF,100,$69.64,$0.08,"$6,963.93"
02/02/2024,Buy,VTI,VANGUARD TOTAL STOCK MARKET ETF,55,$243.30,,"-$13,381.50"
02/02/2024,Sell,SSO,PROSHARES ULTRA S&P ...500 ETF,200,$68.70,$0.14,"$13,739.86"
01/18/2024,Buy,VTI,VANGUARD TOTAL STOCK MARKET ETF,2,$235.50,,-$471.00
01/18/2024,Sell,SSO,PROSHARES ULTRA S&P ...500 ETF,8,$64.45,,$515.60
01/17/2024,Buy,QLD,PROSHARES ULTRA QQQ ETF,7,$73.59,,-$515.12
01/17/2024,Sell,SSO,PROSHARES ULTRA S&P ...500 ETF,8,$63.69,,$509.52
01/17/2024,Buy,QLD,PROSHARES ULTRA QQQ ETF,1,$73.60,,-$73.60
01/17/2024,Buy,QLD,PROSHARES ULTRA QQQ ETF,7,$73.64,,-$515.45
01/17/2024,Sell,SSO,PROSHARES ULTRA S&P ...500 ETF,10,$63.70,$0.01,$636.99
01/12/2024,Buy,VTI,VANGUARD TOTAL STOCK MARKET ETF,13,$237.10,,"-$3,082.30"
01/12/2024,Sell,SSO,PROSHARES ULTRA S&P ...500 ETF,46.9395,$65.20,$0.03,"$3,060.43"
01/11/2024,Buy,VTI,VANGUARD TOTAL STOCK MARKET ETF,14,$236.90,,"-$3,316.60"
01/11/2024,Sell,SSO,PROSHARES ULTRA S&P ...500 ETF,50,$65.11,$0.04,"$3,255.46"
01/11/2024,Buy,VTI,VANGUARD TOTAL STOCK MARKET ETF,11,$236.91,,"-$2,606.01"
01/11/2024,Sell,SSO,PROSHARES ULTRA S&P ...500 ETF,40,$65.04,$0.03,"$2,601.37"
12/29/2023,Reinvest Shares,QLD,PROSHARES ULTRA QQQ ETF,0.0585,$76.71,,-$4.49
12/29/2023,Reinvest Shares,SSO,PROSHARES ULTRA S&P ...500 ETF,1.9395,$65.45,,-$126.94
12/28/2023,Reinvest Shares,VTI,VANGUARD TOTAL STOCK MARKET ETF,0.1781,$238.51,,-$42.48
12/28/2023,NRA Tax Adj,TQQQ,PSHR ULTRAPRO ETF DV,,,,-$6.70
12/28/2023,Cash Dividend,TQQQ,PSHR ULTRAPRO ETF DV,,,,$22.34
12/28/2023,NRA Tax Adj,QLD,PROSHARES ULTRA QQQ ETF,,,,-$1.92
12/28/2023,Reinvest Dividend,QLD,PROSHARES ULTRA QQQ ETF,,,,$6.41
12/28/2023,NRA Tax Adj,SSO,PROSHARES ULTRA S&P ...500 ETF,,,,-$54.40
12/28/2023,Reinvest Dividend,SSO,PROSHARES ULTRA S&P ...500 ETF,,,,$181.34
12/27/2023,Reinvest Dividend,VTI,VANGUARD TOTAL STOCK MARKET ETF,,,,$60.68
12/27/2023,NRA Tax Adj,VTI,VANGUARD TOTAL STOCK MARKET ETF,,,,-$18.20
12/21/2023,Buy,QLD,PROSHARES ULTRA QQQ ETF,1,$74.91,,-$74.91
12/21/2023,Sell,VTI,VANGUARD TOTAL STOCK MARKET ETF,0.575,$235.43,,$135.37
12/21/2023,Buy,QLD,PROSHARES ULTRA QQQ ETF,34,$75.00,,"-$2,550.00"
12/21/2023,Buy,QLD,PROSHARES ULTRA QQQ ETF,33,$75.00,,"-$2,475.00"
12/21/2023,Sell,TQQQ,PSHR ULTRAPRO ETF DV,50,$50.00,$0.03,"$2,499.97"
12/21/2023,Sell,TQQQ,PSHR ULTRAPRO ETF DV,50,$50.00,$0.03,"$2,499.97"
11/22/2023,Buy,QLD,PROSHARES ULTRA QQQ ETF,82,$69.80,,"-$5,723.60"
11/22/2023,Sell,TQQQ,PSHR ULTRAPRO ETF DV,126.5048,$45.08,$0.07,"$5,702.78"
10/27/2023,Buy,SSO,PROSHARES ULTRA S&P ...500 ETF,40,$49.48,,"-$1,979.20"
10/27/2023,Sell,VTI,VANGUARD TOTAL STOCK MARKET ETF,10,$204.22,$0.02,"$2,042.18"
10/20/2023,Buy,SSO,PROSHARES ULTRA S&P ...500 ETF,85,$52.01,,"-$4,420.43"
10/20/2023,Sell,VTI,VANGUARD TOTAL STOCK MARKET ETF,20,$209.26,$0.03,"$4,185.18"
10/03/2023,Buy,SSO,PROSHARES ULTRA S&P ...500 ETF,80,$52.56,,"-$4,204.46"
10/03/2023,Sell,VTI,VANGUARD TOTAL STOCK MARKET ETF,20,$210.26,$0.03,"$4,205.14"
09/28/2023,Reinvest Shares,TQQQ,PSHR ULTRAPRO ETF DV,0.6321,$34.68,,-$21.92
09/27/2023,Reinvest Shares,VTI,VANGUARD TOTAL STOCK MARKET ETF,0.3438,$211.71,,-$72.79
09/27/2023,Reinvest Dividend,TQQQ,PSHR ULTRAPRO ETF DV,,,,$31.32
09/27/2023,NRA Tax Adj,TQQQ,PSHR ULTRAPRO ETF DV,,,,-$9.40
09/26/2023,Reinvest Dividend,VTI,VANGUARD TOTAL STOCK MARKET ETF,,,,$103.98
09/26/2023,NRA Tax Adj,VTI,VANGUARD TOTAL STOCK MARKET ETF,,,,-$31.19
09/26/2023,Buy,SSO,PROSHARES ULTRA S&P ...500 ETF,75,$53.38,,"-$4,003.49"
09/26/2023,Sell,VTI,VANGUARD TOTAL STOCK MARKET ETF,20,$212.03,$0.03,"$4,240.60"
08/18/2023,Buy,SSO,PROSHARES ULTRA S&P ...500 ETF,5,$55.27,,-$276.35
08/18/2023,Buy,SSO,PROSHARES ULTRA S&P ...500 ETF,75,$55.23,,"-$4,141.88"
08/18/2023,Sell,VTI,VANGUARD TOTAL STOCK MARKET ETF,20,$215.81,$0.03,"$4,316.17"
08/15/2023,Buy,SSO,PROSHARES ULTRA S&P ...500 ETF,75,$57.94,,"-$4,345.49"
08/15/2023,Sell,VTI,VANGUARD TOTAL STOCK MARKET ETF,20,$221.07,$0.04,"$4,421.37"
08/11/2023,Buy,TQQQ,PSHR ULTRAPRO ETF DV,8,$38.67,,-$309.32
08/11/2023,Buy,SSO,PROSHARES ULTRA S&P ...500 ETF,50,$58.00,,"-$2,899.99"
08/11/2023,Sell,VTI,VANGUARD TOTAL STOCK MARKET ETF,14,$221.38,$0.02,"$3,099.30"
08/08/2023,Buy,SSO,PROSHARES ULTRA S&P ...500 ETF,150,$58.57,,"-$8,784.75"
08/08/2023,Sell,VTI,VANGUARD TOTAL STOCK MARKET ETF,40,$222.35,$0.08,"$8,893.95"
08/02/2023,Buy,TQQQ,PSHR ULTRAPRO ETF DV,17,$42.35,,-$719.95
08/02/2023,Buy,SSO,PROSHARES ULTRA S&P ...500 ETF,40,$59.87,,"-$2,394.79"
08/02/2023,Buy,SSO,PROSHARES ULTRA S&P ...500 ETF,61,$59.89,,"-$3,653.28"
08/02/2023,Sell,VTI,VANGUARD TOTAL STOCK MARKET ETF,30,$224.91,$0.05,"$6,747.25"
07/12/2023,Buy,SSO,PROSHARES ULTRA S&P ...500 ETF,139,$58.92,,"-$8,189.19"
07/12/2023,Sell,VXUS,VANGUARD TOTAL INTERNTL STOCK ETF IV,144.2916,$56.97,$0.09,"$8,220.23"
07/11/2023,Buy,SSO,PROSHARES ULTRA S&P ...500 ETF,150,$57.25,,"-$8,587.50"
07/11/2023,Sell,VXUS,VANGUARD TOTAL INTERNTL STOCK ETF IV,150,$55.62,$0.08,"$8,342.92"
07/10/2023,Buy,SSO,PROSHARES ULTRA S&P ...500 ETF,190,$56.95,,"-$10,820.48"
07/10/2023,Sell,VXUS,VANGUARD TOTAL INTERNTL STOCK ETF IV,200,$55.30,$0.12,"$11,059.88"
07/05/2023,Buy,SSO,PROSHARES ULTRA S&P ...500 ETF,20,$58.13,,"-$1,162.59"
07/05/2023,Buy,SSO,PROSHARES ULTRA S&P ...500 ETF,110,$58.14,,"-$6,395.59"
07/05/2023,Sell,TQQQ,PSHR ULTRAPRO ETF DV,181,$41.31,$0.09,"$7,477.02"
07/05/2023,Buy,SSO,PROSHARES ULTRA S&P ...500 ETF,190,$58.13,,"-$11,044.39"
07/05/2023,Sell,VXUS,VANGUARD TOTAL INTERNTL STOCK ETF IV,200,$55.78,$0.11,"$11,155.89"
06/29/2023,Reinvest Shares,VTI,VANGUARD TOTAL STOCK MARKET ETF,0.6747,$217.40,,-$146.69
06/29/2023,Reinvest Shares,TQQQ,PSHR ULTRAPRO ETF DV,0.8655,$39.32,,-$34.03
06/28/2023,Reinvest Dividend,VTI,VANGUARD TOTAL STOCK MARKET ETF,,,,$209.56
06/28/2023,NRA Tax Adj,VTI,VANGUARD TOTAL STOCK MARKET ETF,,,,-$62.87
06/28/2023,Reinvest Dividend,TQQQ,PSHR ULTRAPRO ETF DV,,,,$48.61
06/28/2023,NRA Tax Adj,TQQQ,PSHR ULTRAPRO ETF DV,,,,-$14.58
06/26/2023,Reinvest Shares,VXUS,VANGUARD TOTAL INTERNTL STOCK ETF IV,5.3965,$55.22,,-$298.02
06/23/2023,Reinvest Dividend,VXUS,VANGUARD TOTAL INTERNTL STOCK ETF IV,,,,$425.74
06/23/2023,NRA Tax Adj,VXUS,VANGUARD TOTAL INTERNTL STOCK ETF IV,,,,-$127.72
05/18/2023,Wire Sent,,WIRED FUNDS DISBURSED,,,,"-$19,035.00"
05/18/2023,Misc Cash Entry,,WAIVE WIRE FEE,,,,$15.00
05/18/2023,Service Fee,,WIRED FUNDS FEE,,,,-$15.00
05/16/2023,Sell,QQQM,INVESCO NASDAQ ...100 ETF,140.9741,$135.00,$0.18,"$19,031.32"
03/30/2023,Reinvest Shares,TQQQ,PROSHARES ULTRAPRO QQQ ETF,1.4767,$26.95,,-$39.79
03/29/2023,Reinvest Shares,VTI,VANGUARD TOTAL STOCK MARKET ETF,0.6988,$199.15,,-$139.16
03/29/2023,NRA Tax Adj,TQQQ,PROSHARES ULTRAPRO QQQ ETF,,,,-$17.06
03/29/2023,Reinvest Dividend,TQQQ,PROSHARES ULTRAPRO QQQ ETF,,,,$56.85
03/28/2023,Reinvest Dividend,VTI,VANGUARD TOTAL STOCK MARKET ETF,,,,$198.80
03/28/2023,NRA Tax Adj,VTI,VANGUARD TOTAL STOCK MARKET ETF,,,,-$59.64
03/27/2023,Reinvest Shares,QQQM,INVESCO NASDAQ ...100 ETF,0.1952,$128.37,,-$25.06
03/24/2023,Reinvest Shares,VXUS,VANGUARD TOTAL INTERNATIONAL STOCK E,1.0933,$53.07,,-$58.02
03/24/2023,Reinvest Dividend,QQQM,INVESCO NASDAQ ...100 ETF,,,,$35.80
03/24/2023,NRA Tax Adj,QQQM,INVESCO NASDAQ ...100 ETF,,,,-$10.74
03/23/2023,Reinvest Dividend,VXUS,VANGUARD TOTAL INTERNATIONAL STOCK E,,,,$82.88
03/23/2023,NRA Tax Adj,VXUS,VANGUARD TOTAL INTERNATIONAL STOCK E,,,,-$24.86
01/03/2023,Reinvest Shares,TQQQ,PROSHARES ULTRAPRO QQQ ETF,1.5305,$16.93,,-$25.91
12/30/2022,Reinvest Dividend,TQQQ,PROSHARES ULTRAPRO QQQ ETF,,,,$37.01
12/30/2022,NRA Tax Adj,TQQQ,PROSHARES ULTRAPRO QQQ ETF,,,,-$11.10
12/29/2022,Reinvest Shares,VTI,VANGUARD TOTAL STOCK MARKET ETF,0.8577,$191.37,,-$164.14
12/28/2022,Reinvest Dividend,VTI,VANGUARD TOTAL STOCK MARKET ETF,,,,$234.49
12/28/2022,NRA Tax Adj,VTI,VANGUARD TOTAL STOCK MARKET ETF,,,,-$70.35
12/27/2022,Reinvest Shares,QQQM,INVESCO NASDAQ ...100 ETF,0.2452,$108.47,,-$26.60
12/23/2022,Reinvest Shares,VXUS,VANGUARD TOTAL INTERNATIONAL STOCK E,5.8018,$51.75,,-$300.24
12/23/2022,Reinvest Dividend,QQQM,INVESCO NASDAQ ...100 ETF,,,,$38.00
12/23/2022,NRA Tax Adj,QQQM,INVESCO NASDAQ ...100 ETF,,,,-$11.40
12/22/2022,Reinvest Dividend,VXUS,VANGUARD TOTAL INTERNATIONAL STOCK E,,,,$428.91
12/22/2022,NRA Tax Adj,VXUS,VANGUARD TOTAL INTERNATIONAL STOCK E,,,,-$128.67
11/04/2022,Buy,TQQQ,PROSHARES ULTRAPRO QQQ ETF,29,$16.96,,-$491.80
11/04/2022,Sell,VXUS,VANGUARD TOTAL INTERNATIONAL STOCK E,10,$48.42,$0.01,$484.23
10/31/2022,Buy,VXUS,VANGUARD TOTAL INTERNATIONAL STOCK E,692,$47.38,,"-$32,784.88"
10/31/2022,Buy,VTI,VANGUARD TOTAL STOCK MARKET ETF,252,$194.72,,"-$49,068.56"
10/31/2022,Sell,VT,VANGUARD TOTAL WORLD STOCK ETF,0.7022,$84.07,,$59.03
10/31/2022,Sell,VT,VANGUARD TOTAL WORLD STOCK ETF,29,$84.07,$0.06,"$2,438.00"
10/31/2022,Sell,VT,VANGUARD TOTAL WORLD STOCK ETF,200,$84.07,$0.39,"$16,813.81"
10/31/2022,Sell,VT,VANGUARD TOTAL WORLD STOCK ETF,40,$84.07,$0.08,"$3,362.76"
10/31/2022,Sell,VT,VANGUARD TOTAL WORLD STOCK ETF,100,$84.08,$0.19,"$8,407.31"
10/31/2022,Sell,VT,VANGUARD TOTAL WORLD STOCK ETF,100,$84.08,$0.19,"$8,407.31"
10/31/2022,Sell,VT,VANGUARD TOTAL WORLD STOCK ETF,100,$84.08,$0.19,"$8,407.31"
10/31/2022,Sell,VT,VANGUARD TOTAL WORLD STOCK ETF,100,$84.08,$0.19,"$8,407.31"
10/31/2022,Sell,VT,VANGUARD TOTAL WORLD STOCK ETF,100,$84.08,$0.19,"$8,407.31"
10/31/2022,Sell,VT,VANGUARD TOTAL WORLD STOCK ETF,100,$84.08,$0.19,"$8,407.31"
10/31/2022,Sell,VT,VANGUARD TOTAL WORLD STOCK ETF,100,$84.08,$0.19,"$8,407.31"
10/31/2022,Sell,VT,VANGUARD TOTAL WORLD STOCK ETF,4,$84.08,$0.01,$336.31
09/29/2022,Buy,TQQQ,PROSHARES ULTRAPRO QQQ ETF,47,$20.11,,-$945.39
09/29/2022,Sell,QQQM,INVESCO NASDAQ ...100 ETF,8,$111.38,$0.02,$891.02
09/26/2022,Reinvest Shares,QQQM,INVESCO NASDAQ ...100 ETF,0.2222,$114.63,,-$25.47
09/23/2022,Reinvest Shares,VT,VANGUARD TOTAL WORLD STOCK ETF,3.3799,$80.91,,-$273.45
09/23/2022,Reinvest Dividend,QQQM,INVESCO NASDAQ ...100 ETF,,,,$36.39
09/23/2022,NRA Tax Adj,QQQM,INVESCO NASDAQ ...100 ETF,,,,-$10.92
09/22/2022,Reinvest Dividend,VT,VANGUARD TOTAL WORLD STOCK ETF,,,,$390.65
09/22/2022,NRA Tax Adj,VT,VANGUARD TOTAL WORLD STOCK ETF,,,,-$117.20
07/01/2022,Reinvest Shares,QQQM,INVESCO NASDAQ ...100 ETF,0.1837,$115.81,,-$21.28
06/30/2022,Reinvest Dividend,QQQM,INVESCO NASDAQ ...100 ETF,,,,$30.40
06/30/2022,NRA Tax Adj,QQQM,INVESCO NASDAQ ...100 ETF,,,,-$9.12
06/27/2022,Reinvest Shares,VT,VANGUARD TOTAL WORLD STOCK ETF,4.6227,$87.42,,-$404.11
06/24/2022,Reinvest Dividend,VT,VANGUARD TOTAL WORLD STOCK ETF,,,,$577.30
06/24/2022,NRA Tax Adj,VT,VANGUARD TOTAL WORLD STOCK ETF,,,,-$173.19
06/15/2022,NRA Tax Adj,MCHI,ISHARES MSCI CHINA ETF,,,,-$1.78
06/15/2022,Cash Dividend,MCHI,ISHARES MSCI CHINA ETF,,,,$5.93
06/15/2022,NRA Tax Adj,MCHI,ISHARES MSCI CHINA ETF,,,,-$2.36
06/15/2022,Special Dividend,MCHI,ISHARES MSCI CHINA ETF,,,,$7.85
06/10/2022,Buy,QQQM,INVESCO NASDAQ ...100 ETF,8,$118.95,,-$951.62
06/10/2022,Buy,TQQQ,PROSHARES ULTRAPRO QQQ ETF,50,$27.13,,"-$1,356.50"
06/10/2022,Sell,MCHI,ISHARES MSCI CHINA ETF,0.1687,$53.33,,$9.00
06/10/2022,Sell,MCHI,ISHARES MSCI CHINA ETF,44,$53.33,$0.05,"$2,346.62"
05/18/2022,Buy,TQQQ,PROSHARES ULTRAPRO QQQ ETF,69,$29.44,,"-$2,031.02"
05/18/2022,Buy,TQQQ,PROSHARES ULTRAPRO QQQ ETF,1,$29.44,,-$29.44
05/18/2022,Sell,VGIT,VAG ITM-TERM TREASURY ETF,0.4881,$61.39,,$29.96
05/18/2022,Sell,VGIT,VAG ITM-TERM TREASURY ETF,30,$61.39,$0.04,"$1,841.51"
05/06/2022,Reinvest Shares,VGIT,VAG ITM-TERM TREASURY ETF,0.0226,$60.97,,-$1.38
05/05/2022,Reinvest Dividend,VGIT,VAG ITM-TERM TREASURY ETF,,,,$1.97
05/05/2022,NRA Tax Adj,VGIT,VAG ITM-TERM TREASURY ETF,,,,-$0.59
04/26/2022,Buy,TQQQ,PROSHARES ULTRAPRO QQQ ETF,20,$39.83,,-$796.57
04/26/2022,Buy,TQQQ,PROSHARES ULTRAPRO QQQ ETF,40,$39.77,,"-$1,590.60"
04/26/2022,Sell,VT,VANGUARD TOTAL WORLD STOCK ETF,21,$94.41,$0.01,"$1,982.60"
04/07/2022,Reinvest Shares,VGIT,VAG ITM-TERM TREASURY ETF,0.0232,$62.02,,-$1.44
04/06/2022,Reinvest Dividend,VGIT,VAG ITM-TERM TREASURY ETF,,,,$2.06
04/06/2022,NRA Tax Adj,VGIT,VAG ITM-TERM TREASURY ETF,,,,-$0.62
04/01/2022,Reinvest Shares,QQQM,INVESCO NASDAQ ...100 ETF,0.1278,$148.49,,-$18.98
03/31/2022,Reinvest Dividend,QQQM,INVESCO NASDAQ ...100 ETF,,,,$27.11
03/31/2022,NRA Tax Adj,QQQM,INVESCO NASDAQ ...100 ETF,,,,-$8.13
03/25/2022,Reinvest Shares,VT,VANGUARD TOTAL WORLD STOCK ET ETF IV,1.7541,$101.10,,-$177.33
03/24/2022,Reinvest Dividend,VT,VANGUARD TOTAL WORLD STOCK ET ETF IV,,,,$253.33
03/24/2022,NRA Tax Adj,VT,VANGUARD TOTAL WORLD STOCK ET ETF IV,,,,-$76.00
03/07/2022,Reinvest Shares,VGIT,VANGUARD INTRMDIAT TRM TRSRY ETF,0.0193,$65.24,,-$1.26
03/04/2022,Reinvest Dividend,VGIT,VANGUARD INTRMDIAT TRM TRSRY ETF,,,,$1.80
03/04/2022,NRA Tax Adj,VGIT,VANGUARD INTRMDIAT TRM TRSRY ETF,,,,-$0.54
02/18/2022,Buy,QQQM,INVESCO NASDAQ ...100 ETF,7,$140.00,,-$980.00
02/18/2022,Buy,QQQM,INVESCO NASDAQ ...100 ETF,23,$140.00,,"-$3,220.00"
02/07/2022,Reinvest Shares,VGIT,VANGUARD INTRMDIAT TRM TRSRY ETF,0.0205,$64.84,,-$1.33
02/04/2022,Reinvest Dividend,VGIT,VANGUARD INTRMDIAT TRM TRSRY ETF,,,,$1.90
02/04/2022,NRA Tax Adj,VGIT,VANGUARD INTRMDIAT TRM TRSRY ETF,,,,-$0.57
02/03/2022,Sell,VT,VANGUARD TOTAL WORLD STOCK ET ETF IV,30,$102.53,$0.02,"$3,075.93"
02/03/2022,Buy,QQQM,INVESCO NASDAQ ...100 ETF,23,$147.16,,"-$3,384.62"
02/03/2022,Sell,VT,VANGUARD TOTAL WORLD STOCK ET ETF IV,30,$102.86,$0.02,"$3,085.89"
02/03/2022,Buy,TQQQ,PROSHARES ULTRAPRO QQQ ETF,50,$60.00,,"-$3,000.00"
01/28/2022,NRA Tax Adj,,SCHWAB1 INT 12/30-01/27,,,,-$0.01
01/28/2022,Credit Interest,,SCHWAB1 INT 12/30-01/27,,,,$0.06
01/28/2022,Buy,QQQM,INVESCO NASDAQ ...100 ETF,20,$139.46,,"-$2,789.19"
01/28/2022,Sell,VT,VANGUARD TOTAL WORLD STOCK ET ETF IV,26,$98.18,$0.01,"$2,552.70"
01/24/2022,Buy,TQQQ,PROSHARES ULTRAPRO QQQ ETF,40,$50.00,,"-$2,000.00"
01/24/2022,Buy,QQQM,INVESCO NASDAQ ...100 ETF,15,$140.00,,"-$2,100.00"
01/21/2022,Buy,QQQM,INVESCO NASDAQ ...100 ETF,1,$148.00,,-$148.00
01/21/2022,Buy,QQQM,INVESCO NASDAQ ...100 ETF,1,$148.31,,-$148.31
01/20/2022,Buy,TQQQ,PROSHARES ULTRAPRO QQQ ETF,32,$62.50,,"-$2,000.00"
01/20/2022,Buy,QQQM,INVESCO NASDAQ ...100 ETF,20,$150.00,,"-$3,000.00"
01/06/2022,Buy,QQQM,INVESCO NASDAQ 100 ETF,10,$158.00,,"-$1,580.00"
01/06/2022,Sell,T,A T & T INC,0.3751,$26.63,,$9.99
01/06/2022,Sell,T,A T & T INC,76,$26.63,$0.01,"$2,024.17"
01/05/2022,Buy,MCHI,ISHARES MSCI CHINA ETF,17,$60.50,,"-$1,028.50"
01/05/2022,Sell,INTC,INTEL CORP,0.4305,$56.00,,$24.11
01/05/2022,Sell,INTC,INTEL CORP,37,$56.00,$0.01,"$2,071.99"
01/04/2022,Sell,QQQ,INVESCO QQQ TRUST,0.0255,$400.00,,$10.20
01/04/2022,Sell,QQQ,INVESCO QQQ TRUST,3,$400.00,$0.01,"$1,199.99"
01/04/2022,Sell,QQQ,INVESCO QQQ TRUST,1,$400.00,,$400.00
01/03/2022,Reinvest Shares,QQQ,INVESCO QQQ TRUST,0.0069,$399.39,,-$2.76
01/03/2022,Sell,QQQ,INVESCO QQQ TRUST,4,$398.31,$0.01,"$1,593.23"
01/03/2022,Buy,QQQM,INVESCO NASDAQ 100 ETF,20,$163.29,,"-$3,265.79"
01/03/2022,Buy,VT,VANGUARD TOTAL WORLD STOCK ET ETF IV,20,$107.73,,"-$2,154.60"
01/03/2022,Buy,VT,VANGUARD TOTAL WORLD STOCK ET ETF IV,60,$107.94,,"-$6,476.10"
12/31/2021,Reinvest Dividend,QQQ,INVESCO QQQ TRUST,,,,$3.94
12/31/2021,NRA Tax Adj,QQQ,INVESCO QQQ TRUST,,,,-$1.18
12/30/2021,Reinvest Shares,VGIT,VANGUARD INTRMDIAT TRM TRSRY ETF,0.1665,$66.42,,-$11.06
12/30/2021,Reinvest Shares,VGIT,VANGUARD INTRMDIAT TRM TRSRY ETF,0.02,$66.42,,-$1.33
12/30/2021,NRA Tax Adj,,SCHWAB1 INT 11/29-12/29,,,,-$0.09
12/30/2021,Credit Interest,,SCHWAB1 INT 11/29-12/29,,,,$0.31
12/29/2021,Long Term Cap Gain Reinvest,VGIT,VANGUARD INTRMDIAT TRM TRSRY ETF,,,,$11.06
12/29/2021,Reinvest Dividend,VGIT,VANGUARD INTRMDIAT TRM TRSRY ETF,,,,$1.90
12/29/2021,NRA Tax Adj,VGIT,VANGUARD INTRMDIAT TRM TRSRY ETF,,,,-$0.57
12/27/2021,Reinvest Shares,VT,VANGUARD TOTAL WORLD STOCK ET ETF IV,5.0364,$107.57,,-$541.76
12/23/2021,Reinvest Dividend,VT,VANGUARD TOTAL WORLD STOCK ET ETF IV,,,,$773.94
12/23/2021,NRA Tax Adj,VT,VANGUARD TOTAL WORLD STOCK ET ETF IV,,,,-$232.18
12/20/2021,Reinvest Shares,MCHI,ISHARES MSCI CHINA ETF,0.1485,$60.81,,-$9.03
12/17/2021,NRA Tax Adj,MCHI,ISHARES MSCI CHINA ETF,,,,-$3.87
12/17/2021,Reinvest Dividend,MCHI,ISHARES MSCI CHINA ETF,,,,$12.90
12/07/2021,Reinvest Shares,VGIT,VANGUARD INTRMDIAT TRM TRSRY ETF,0.0193,$66.99,,-$1.29
12/06/2021,Reinvest Dividend,VGIT,VANGUARD INTRMDIAT TRM TRSRY ETF,,,,$1.85
12/06/2021,NRA Tax Adj,VGIT,VANGUARD INTRMDIAT TRM TRSRY ETF,,,,-$0.56
12/06/2021,Sell,BA,BOEING CO,6,$203.00,$0.01,"$1,217.99"
12/02/2021,Reinvest Shares,INTC,INTEL CORP,0.1857,$48.79,,-$9.06
12/01/2021,NRA Tax Adj,INTC,INTEL CORP,,,,-$3.88
12/01/2021,Qual Div Reinvest,INTC,INTEL CORP,,,,$12.94
12/01/2021,Buy,VT,VANGUARD TOTAL WORLD STOCK ET ETF IV,75,$105.76,,"-$7,931.93"
11/29/2021,Wire Received,,WIRED FUNDS RECEIVED,,,,"$27,975.00"
11/26/2021,Buy,VT,VANGUARD TOTAL WORLD STOCK ET ETF IV,20,$105.00,,"-$2,100.00"
11/18/2021,Buy,T,A T & T INC,40,$24.46,,-$978.20
11/08/2021,Sell,DAL,DELTA AIR LINES INC DEL,45,$45.00,$0.01,"$2,024.99"
11/05/2021,Reinvest Shares,VGIT,VANGUARD INTRMDIAT TRM TRSRY ETF,0.0192,$67.32,,-$1.29
11/05/2021,Sell,AAL,AMERICAN AIRLS GROUP,60,$22.00,$0.01,"$1,319.99"
11/04/2021,NRA Tax Adj,VGIT,VANGUARD INTRMDIAT TRM TRSRY ETF,,,,-$0.56
11/04/2021,Reinvest Dividend,VGIT,VANGUARD INTRMDIAT TRM TRSRY ETF,,,,$1.85
11/02/2021,Reinvest Shares,T,A T & T INC,0.5172,$25.23,,-$13.05
11/01/2021,Reinvest Shares,QQQ,INVESCO QQQ TRUST,0.006,$385.15,,-$2.32
11/01/2021,NRA Tax Adj,T,A T & T INC,,,,-$5.60
11/01/2021,Qual Div Reinvest,T,A T & T INC,,,,$18.65
11/01/2021,Buy,VT,VANGUARD TOTAL WORLD STOCK ET ETF IV,92,$107.30,,"-$9,871.60"
11/01/2021,Buy,VT,VANGUARD TOTAL WORLD STOCK ET ETF IV,1,$107.30,,-$107.30
10/29/2021,Reinvest Dividend,QQQ,INVESCO QQQ TRUST,,,,$3.32
10/29/2021,NRA Tax Adj,QQQ,INVESCO QQQ TRUST,,,,-$1.00
10/28/2021,NRA Tax Adj,,SCHWAB1 INT 09/29-10/27,,,,-$0.01
10/28/2021,Credit Interest,,SCHWAB1 INT 09/29-10/27,,,,$0.06
10/07/2021,Reinvest Shares,VGIT,VANGUARD INTRMDIAT TRM TRSRY ETF,0.0191,$67.42,,-$1.29
10/06/2021,Reinvest Dividend,VGIT,VANGUARD INTRMDIAT TRM TRSRY ETF,,,,$1.84
10/06/2021,NRA Tax Adj,VGIT,VANGUARD INTRMDIAT TRM TRSRY ETF,,,,-$0.55
10/01/2021,Buy,VT,VANGUARD TOTAL WORLD STOCK ET ETF IV,98,$102.68,,"-$10,062.29"
09/29/2021,NRA Tax Adj,,SCHWAB1 INT 08/30-09/28,,,,-$0.01
09/29/2021,Credit Interest,,SCHWAB1 INT 08/30-09/28,,,,$0.04
09/27/2021,Sell,UAL,UNITED AIRLINES HLDGS,20,$50.00,$0.01,$999.99
09/27/2021,Sell,NCLH,NORWEGIAN CRUISE LIN F,80,$28.60,$0.01,"$2,287.99"
09/24/2021,Reinvest Shares,VT,VANGUARD TOTAL WORLD STOCK ET ETF IV,1.9214,$104.77,,-$201.30
09/23/2021,Reinvest Dividend,VT,VANGUARD TOTAL WORLD STOCK ET ETF IV,,,,$287.57
09/23/2021,NRA Tax Adj,VT,VANGUARD TOTAL WORLD STOCK ET ETF IV,,,,-$86.27
09/23/2021,Sell,CCL,CARNIVAL CORP F,135,$25.00,$0.02,"$3,374.98"
09/08/2021,Reinvest Shares,VGIT,VANGUARD INTRMDIAT TRM TRSRY ETF,0.02,$68.08,,-$1.36
09/07/2021,NRA Tax Adj,VGIT,VANGUARD INTRMDIAT TRM TRSRY ETF,,,,-$0.59
09/07/2021,Reinvest Dividend,VGIT,VANGUARD INTRMDIAT TRM TRSRY ETF,,,,$1.95
09/02/2021,Reinvest Shares,INTC,INTEL CORP,0.1685,$53.54,,-$9.02
09/01/2021,NRA Tax Adj,INTC,INTEL CORP,,,,-$3.86
09/01/2021,Qual Div Reinvest,INTC,INTEL CORP,,,,$12.88
09/01/2021,Sell,TCEHY,TENCENT HOLDINGS FUNSPONSORED ADR 1 ADR REPS 1 ORD SHS,80,$64.17,$0.03,"$5,133.17"
09/01/2021,Buy,VT,VANGUARD TOTAL WORLD STOCK ET ETF IV,93,$107.00,,"-$9,951.00"
08/30/2021,NRA Tax Adj,,SCHWAB1 INT 07/29-08/29,,,,-$0.06
08/30/2021,Credit Interest,,SCHWAB1 INT 07/29-08/29,,,,$0.20
08/06/2021,Reinvest Shares,VGIT,VANGUARD INTRMDIAT TRM TRSRY ETF,0.0208,$68.26,,-$1.42
08/06/2021,Sell,COIN,COINBASE GLOBAL INC,4,$259.22,$0.01,"$1,036.88"
08/05/2021,Reinvest Dividend,VGIT,VANGUARD INTRMDIAT TRM TRSRY ETF,,,,$2.03
08/05/2021,NRA Tax Adj,VGIT,VANGUARD INTRMDIAT TRM TRSRY ETF,,,,-$0.61
08/04/2021,Sell,BABA,ALIBABA GROUP HLDG LTD FSPONSORED ADR 1 ADR REPS 8 ORD SHS,16,$202.13,$0.02,"$3,233.98"
08/04/2021,Sell,MU,MICRON TECHNOLOGY,26,$80.49,$0.01,"$2,092.80"
08/04/2021,Sell,ARKK,ARK INNOVATION ETF IV,36,$122.15,$0.02,"$4,397.38"
08/03/2021,Reinvest Shares,QQQ,INVESCO QQQ TRUST,0.0061,$363.56,,-$2.23
08/03/2021,Reinvest Shares,T,A T & T INC,0.4579,$28.15,,-$12.89
08/03/2021,Buy,TCEHY,TENCENT HOLDINGS FUNSPONSORED ADR 1 ADR REPS 1 ORD SHS,17,$56.91,,-$967.50
08/02/2021 as of 07/30/2021,Reinvest Dividend,QQQ,INVESCO QQQ TRUST,,,,$3.18
08/02/2021 as of 07/30/2021,NRA Tax Adj,QQQ,INVESCO QQQ TRUST,,,,-$0.95
08/02/2021,NRA Tax Adj,T,A T & T INC,,,,-$5.52
08/02/2021,Qual Div Reinvest,T,A T & T INC,,,,$18.41
08/02/2021,Sell,ARKF,ARK FINTECH INNOVATION ETF,42,$51.66,$0.01,"$2,169.50"
08/02/2021,Sell,EWU,ISHARES MSCI UNITED KINGDOM ETF,0.3917,$33.08,,$12.96
08/02/2021,Sell,EWU,ISHARES MSCI UNITED KINGDOM ETF,33,$33.08,$0.01,"$1,091.50"
08/02/2021,Sell,AMD,ADVANCED MICRO DEVIC,13,$107.95,$0.01,"$1,403.36"
08/02/2021,Sell,TSM,TAIWAN SEMICONDUCTR FSPONSORED ADR 1 ADR REPS 5 ORD SHS,18,$117.70,$0.01,"$2,118.50"
08/02/2021,Buy,VT,VANGUARD TOTAL WORLD STOCK ET ETF IV,95,$104.89,,"-$9,964.55"
07/29/2021,NRA Tax Adj,,SCHWAB1 INT 06/29-07/28,,,,-$0.06
07/29/2021,Credit Interest,,SCHWAB1 INT 06/29-07/28,,,,$0.21
07/27/2021,Buy,BABA,ALIBABA GROUP HLDG LTD FSPONSORED ADR 1 ADR REPS 8 ORD SHS,6,$180.00,,"-$1,080.00"
07/27/2021,Sell,AAPL,APPLE INC,0.028,$147.48,,$4.13
07/27/2021,Sell,AAPL,APPLE INC,23,$147.48,$0.02,"$3,392.06"
07/26/2021,Buy,TCEHY,TENCENT HOLDINGS FUNSPONSORED ADR 1 ADR REPS 1 ORD SHS,33,$60.00,,"-$1,980.00"
07/26/2021,Buy,MCHI,ISHARES MSCI CHINA ETF,14,$71.41,,-$999.74
07/23/2021,Buy,INTC,INTEL CORP,19,$52.87,,"-$1,004.53"
07/23/2021,Buy,TCEHY,TENCENT HOLDINGS FUNSPONSORED ADR 1 ADR REPS 1 ORD SHS,30,$66.53,,"-$1,995.75"
07/19/2021,Buy,CCL,CARNIVAL CORP F,50,$19.80,,-$990.00
07/16/2021,Buy,MU,MICRON TECHNOLOGY,14,$75.00,,"-$1,050.00"
07/16/2021,Buy,DAL,DELTA AIR LINES INC DEL,25,$40.00,,"-$1,000.00"
07/15/2021,Foreign Tax Paid,TSM,TAIWAN SEMICONDUCTR FSPONSORED ADR 1 ADR REPS 5 ORD SHS,,,,-$1.68
07/15/2021,Qualified Dividend,TSM,TAIWAN SEMICONDUCTR FSPONSORED ADR 1 ADR REPS 5 ORD SHS,,,,$8.02
07/14/2021,Buy,CCL,CARNIVAL CORP F,45,$22.50,,"-$1,012.50"
07/08/2021,Reinvest Shares,VGIT,VANGUARD INTRMDIAT TRM TRSRY ETF,0.0189,$68.30,,-$1.29
07/08/2021,Buy,BABA,ALIBABA GROUP HLDG LTD FSPONSORED ADR 1 ADR REPS 8 ORD SHS,1,$199.36,,-$199.36
07/08/2021,Buy,BABA,ALIBABA GROUP HLDG LTD FSPONSORED ADR 1 ADR REPS 8 ORD SHS,4,$199.36,,-$797.45
07/07/2021,Reinvest Dividend,VGIT,VANGUARD INTRMDIAT TRM TRSRY ETF,,,,$1.85
07/07/2021,NRA Tax Adj,VGIT,VANGUARD INTRMDIAT TRM TRSRY ETF,,,,-$0.56
07/01/2021,Buy,VT,VANGUARD TOTAL WORLD STOCK ET ETF IV,96,$103.78,,"-$9,962.78"
06/29/2021,NRA Tax Adj,,SCHWAB1 INT 05/27-06/28,,,,-$0.09
06/29/2021,Credit Interest,,SCHWAB1 INT 05/27-06/28,,,,$0.33
06/29/2021,Sell,SQ,SQUARE INC CLASS A,5,$250.00,$0.01,"$1,249.99"
06/25/2021,Reinvest Shares,VT,VANGUARD TOTAL WORLD STOCK ET ETF IV,1.4035,$103.90,,-$145.82
06/24/2021,NRA Tax Adj,VT,VANGUARD TOTAL WORLD STOCK ET ETF IV,,,,-$62.49
06/24/2021,Reinvest Dividend,VT,VANGUARD TOTAL WORLD STOCK ET ETF IV,,,,$208.31
06/17/2021,Reinvest Shares,MCHI,ISHARES MSCI CHINA ETF,0.0202,$80.22,,-$1.62
06/17/2021,Reinvest Shares,EWU,ISHARES MSCI UNITED KINGDOM ETF,0.3917,$33.39,,-$13.08
06/16/2021,Reinvest Dividend,MCHI,ISHARES MSCI CHINA ETF,,,,$2.31
06/16/2021,NRA Tax Adj,MCHI,ISHARES MSCI CHINA ETF,,,,-$0.69
06/16/2021,Reinvest Dividend,EWU,ISHARES MSCI UNITED KINGDOM ETF,,,,$18.69
06/16/2021,NRA Tax Adj,EWU,ISHARES MSCI UNITED KINGDOM ETF,,,,-$5.61
06/10/2021,NRA Tax Adj,IBM,IBM CORP,,,,-$3.97
06/10/2021,Qualified Dividend,IBM,IBM CORP,,,,$13.24
06/07/2021,Reinvest Shares,VGIT,VANGUARD INTRMDIAT TRM TRSRY ETF,0.0201,$67.79,,-$1.36
06/07/2021,Sell,IBM,IBM CORP,0.0713,$148.00,,$10.55
06/07/2021,Sell,IBM,IBM CORP,8,$148.00,$0.01,"$1,183.99"
06/04/2021,Reinvest Dividend,VGIT,VANGUARD INTRMDIAT TRM TRSRY ETF,,,,$1.94
06/04/2021,NRA Tax Adj,VGIT,VANGUARD INTRMDIAT TRM TRSRY ETF,,,,-$0.58
06/02/2021,Reinvest Shares,INTC,INTEL CORP,0.0763,$57.38,,-$4.38
06/01/2021,NRA Tax Adj,INTC,INTEL CORP,,,,-$1.88
06/01/2021,Qual Div Reinvest,INTC,INTEL CORP,,,,$6.26
06/01/2021,Buy,VT,VANGUARD TOTAL WORLD STOCK ET ETF IV,96,$103.42,,"-$9,928.32"
05/27/2021,NRA Tax Adj,,SCHWAB1 INT 04/29-05/26,,,,-$0.08
05/27/2021,Credit Interest,,SCHWAB1 INT 04/29-05/26,,,,$0.28
05/25/2021,Sell,FB,FACEBOOK INC CLASS A,4,$327.85,$0.01,"$1,311.39"
05/25/2021,Sell,NVDA,NVIDIA CORP,0.0004,$626.04,,$0.25
05/25/2021,Sell,NVDA,NVIDIA CORP,2,$626.04,$0.01,"$1,252.08"
05/14/2021 as of 05/11/2021,ADR Mgmt Fee,BABA,ALIBABA GROUP HLDG LTD FSPONSORED ADR 1 ADR REPS 8 ORD SHS,,,,-$0.10
05/14/2021,Reinvest Shares,AAPL,APPLE INC,0.028,$126.60,,-$3.54
05/13/2021,Qual Div Reinvest,AAPL,APPLE INC,,,,$5.06
05/13/2021,NRA Tax Adj,AAPL,APPLE INC,,,,-$1.52
05/11/2021,Buy,TSM,TAIWAN SEMICONDUCTR FSPONSORED ADR 1 ADR REPS 5 ORD SHS,9,$110.00,,-$990.00
05/11/2021,Buy,AMD,ADVANCED MICRO DEVIC,13,$73.39,,-$954.07
05/11/2021,Buy,ARKF,ARK FINTECH INNOVATION ETF,22,$44.97,,-$989.34
05/11/2021,Buy,ARKK,ARK INNOVATION ETF IV,10,$99.13,,-$991.30
05/10/2021,Buy,MCHI,ISHARES MSCI CHINA ETF,13,$79.95,,"-$1,039.35"
05/07/2021,Reinvest Shares,VGIT,VANGUARD INTRMDIAT TRM TRSRY ETF,0.0191,$67.90,,-$1.30
05/06/2021,Reinvest Dividend,VGIT,VANGUARD INTRMDIAT TRM TRSRY ETF,,,,$1.86
05/06/2021,NRA Tax Adj,VGIT,VANGUARD INTRMDIAT TRM TRSRY ETF,,,,-$0.56
05/06/2021,Buy,COIN,COINBASE GLOBAL INC,4,$251.00,,"-$1,004.00"
05/05/2021,Buy,ARKK,ARK INNOVATION ETF IV,9,$111.00,,-$999.00
05/04/2021,Reinvest Shares,T,A T & T INC,0.4,$31.85,,-$12.74
05/04/2021,Buy,VT,VANGUARD TOTAL WORLD STOCK ET ETF IV,100,$100.00,,"-$10,000.00"
05/03/2021,Reinvest Shares,QQQ,INVESCO QQQ TRUST,0.0065,$339.59,,-$2.21
05/03/2021,NRA Tax Adj,T,A T & T INC,,,,-$5.46
05/03/2021,Qual Div Reinvest,T,A T & T INC,,,,$18.20
04/30/2021,Reinvest Dividend,QQQ,INVESCO QQQ TRUST,,,,$3.16
04/30/2021,NRA Tax Adj,QQQ,INVESCO QQQ TRUST,,,,-$0.95
04/29/2021,NRA Tax Adj,,SCHWAB1 INT 03/30-04/28,,,,-$0.17
04/29/2021,Credit Interest,,SCHWAB1 INT 03/30-04/28,,,,$0.58
04/29/2021,Buy,VT,VANGUARD TOTAL WORLD STOCK ET ETF IV,18,$102.00,,"-$1,836.00"
04/23/2021,Buy,INTC,INTEL CORP,18,$58.08,,"-$1,045.44"
04/22/2021,Buy,MU,MICRON TECHNOLOGY,12,$85.00,,"-$1,020.00"
04/20/2021,Buy,NCLH,NORWEGIAN CRUISE LIN F,80,$26.00,,"-$2,080.00"
04/20/2021,Buy,VT,VANGUARD TOTAL WORLD STOCK ET ETF IV,17,$100.50,,"-$1,708.50"
04/20/2021,Buy,VT,VANGUARD TOTAL WORLD STOCK ET ETF IV,1,$100.50,,-$100.50
04/08/2021,Reinvest Shares,VGIT,VANGUARD INTRMDIAT TRM TRSRY ETF,0.0204,$67.53,,-$1.38
04/07/2021,Reinvest Dividend,VGIT,VANGUARD INTRMDIAT TRM TRSRY ETF,,,,$1.97
04/07/2021,NRA Tax Adj,VGIT,VANGUARD INTRMDIAT TRM TRSRY ETF,,,,-$0.59
04/01/2021,Reinvest Shares,NVDA,NVIDIA CORP,0.0004,$546.23,,-$0.22
04/01/2021,Buy,VT,VANGUARD TOTAL WORLD STOCK ETF,18,$97.99,,"-$1,763.76"
03/31/2021,NRA Tax Adj,NVDA,NVIDIA CORP,,,,-$0.10
03/31/2021,Qual Div Reinvest,NVDA,NVIDIA CORP,,,,$0.32
03/30/2021,NRA Tax Adj,,SCHWAB1 INT 02/25-03/29,,,,-$0.19
03/30/2021,Credit Interest,,SCHWAB1 INT 02/25-03/29,,,,$0.66
03/30/2021,Buy,SQ,SQUARE INC CLASS A,1,$203.00,,-$203.00
03/30/2021,Buy,SQ,SQUARE INC CLASS A,4,$203.00,,-$812.00
03/26/2021,Reinvest Shares,VT,VANGUARD TOTAL WORLD STOCK ETF,0.2974,$96.66,,-$28.75
03/25/2021,Reinvest Dividend,VT,VANGUARD TOTAL WORLD STOCK ETF,,,,$41.07
03/25/2021,NRA Tax Adj,VT,VANGUARD TOTAL WORLD STOCK ETF,,,,-$12.32
03/25/2021,Buy,BABA,ALIBABA GROUP HLDG LTD FSPONSORED ADR 1 ADR REPS 8 ORD SHS,3,$225.00,,-$675.00
03/25/2021,Buy,BABA,ALIBABA GROUP HLDG LTD FSPONSORED ADR 1 ADR REPS 8 ORD SHS,2,$225.00,,-$450.00
03/24/2021,Buy,ARKF,ARK FINTECH INNOVATION ETF,20,$50.00,,"-$1,000.00"
03/24/2021,Buy,CCL,CARNIVAL CORP F,40,$25.00,,"-$1,000.00"
03/24/2021,Buy,TSM,TAIWAN SEMICONDUCTR FSPONSORED ADR 1 ADR REPS 5 ORD SHS,9,$110.00,,-$990.00
03/16/2021,Buy,VT,VANGUARD TOTAL WORLD STOCK ETF,17,$98.00,,"-$1,666.00"
03/16/2021,Buy,VT,VANGUARD TOTAL WORLD STOCK ETF,1,$98.00,,-$98.00
03/16/2021,Buy,DAL,DELTA AIR LINES INC DEL,10,$49.67,,-$496.69
03/11/2021,Reinvest Shares,IBM,IBM CORP,0.0713,$127.97,,-$9.13
03/10/2021,NRA Tax Adj,IBM,IBM CORP,,,,-$3.91
03/10/2021,Qual Div Reinvest,IBM,IBM CORP,,,,$13.04
03/10/2021,Buy,AAPL,APPLE INC,8,$120.00,,-$960.00
03/05/2021,Reinvest Shares,VGIT,VANGUARD INTRMDIAT TRM TRSRY ETF,0.0185,$67.59,,-$1.25
03/05/2021,Buy,QQQ,INVESCO QQQ TRUST,4,$300.00,,"-$1,200.00"
03/05/2021,Buy,ARKK,ARK INNOVATION ETF,9,$110.00,,-$990.00
03/04/2021,Reinvest Dividend,VGIT,VANGUARD INTRMDIAT TRM TRSRY ETF,,,,$1.79
03/04/2021,NRA Tax Adj,VGIT,VANGUARD INTRMDIAT TRM TRSRY ETF,,,,-$0.54
03/04/2021,Buy,VT,VANGUARD TOTAL WORLD STOCK ETF,18,$95.00,,"-$1,710.00"
03/03/2021,Buy,NVDA,NVIDIA CORP,2,$515.00,,"-$1,030.00"
02/25/2021,NRA Tax Adj,,SCHWAB1 INT 01/28-02/24,,,,-$0.16
02/25/2021,Credit Interest,,SCHWAB1 INT 01/28-02/24,,,,$0.56
02/25/2021,Buy,ARKK,ARK INNOVATION ETF,8,$130.00,,"-$1,040.00"
02/25/2021,Buy,QQQ,INVESCO QQQ TRUST,4,$315.00,,"-$1,260.00"
02/25/2021,Buy,FB,FACEBOOK INC CLASS A,4,$260.00,,"-$1,040.00"
02/23/2021,Buy,AAPL,APPLE INC,8,$123.79,,-$990.32
02/16/2021,Buy,VT,VANGUARD TOTAL WORLD STOCK ETF,18,$98.99,,"-$1,781.78"
02/11/2021,Buy,AAPL,APPLE INC,7,$134.98,,-$944.86
02/11/2021,Buy,AAL,AMERICAN AIRLS GROUP,60,$17.34,,"-$1,040.26"
02/08/2021,Buy,EWU,ISHARES MSCI UNITED KINGDOM ETF,32,$30.00,,-$960.00
02/08/2021,Buy,EWU,ISHARES MSCI UNITED KINGDOM ETF,1,$30.00,,-$30.00
02/05/2021,Reinvest Shares,VGIT,VANGUARD INTRMDIAT TRM TRSRY ETF,0.0206,$68.95,,-$1.42
02/05/2021,Buy,IBM,IBM CORP,8,$121.43,,-$971.44
02/04/2021,NRA Tax Adj,VGIT,VANGUARD INTRMDIAT TRM TRSRY ETF,,,,-$0.61
02/04/2021,Reinvest Dividend,VGIT,VANGUARD INTRMDIAT TRM TRSRY ETF,,,,$2.03
02/01/2021,Buy,T,A T & T INC,35,$28.47,,-$996.42
02/01/2021,Buy,VT,VANGUARD TOTAL WORLD STOCK ETF,18,$93.42,,"-$1,681.56"
01/29/2021,Buy,UAL,UNITED AIRLINES HLDGS,20,$40.00,,-$800.00
01/28/2021,NRA Tax Adj,,SCHWAB1 INT 12/30-01/27,,,,-$0.24
01/28/2021,Credit Interest,,SCHWAB1 INT 12/30-01/27,,,,$0.81
01/25/2021,Buy,BA,BOEING CO,2,$200.00,,-$400.00
01/25/2021,Buy,BA,BOEING CO,2,$202.50,,-$405.00
01/22/2021,Buy,DAL,DELTA AIR LINES INC DEL,10,$39.94,,-$399.35
01/22/2021,Buy,BA,BOEING CO,1,$204.50,,-$204.50
01/22/2021,Buy,BA,BOEING CO,1,$204.50,,-$204.50
01/20/2021,Buy,VGIT,VANGUARD INTRMDIAT TRM TRSRY ETF,30,$69.00,,"-$2,069.89"
01/15/2021,Buy,VT,VANGUARD TOTAL WORLD STOCK ETF,3,$94.24,,-$282.72
01/15/2021,Buy,VT,VANGUARD TOTAL WORLD STOCK ETF,9,$94.50,,-$850.50
01/14/2021,Buy,VT,VANGUARD TOTAL WORLD STOCK ETF,6,$95.47,,-$572.80
12/31/2020,Buy,VT,VANGUARD TOTAL WORLD STOCK ETF,14,$92.32,,"-$1,292.47"
12/30/2020,NRA Tax Adj,,SCHWAB1 INT 11/27-12/29,,,,-$0.29
12/30/2020,Credit Interest,,SCHWAB1 INT 11/27-12/29,,,,$0.99
12/28/2020,Reinvest Shares,VT,VANGUARD TOTAL WORLD STOCK ETF,0.2436,$92.13,,-$22.44
12/24/2020,NRA Tax Adj,VT,VANGUARD TOTAL WORLD STOCK ETF,,,,-$9.62
12/24/2020,Reinvest Dividend,VT,VANGUARD TOTAL WORLD STOCK ETF,,,,$32.06
12/18/2020,Buy,VT,VANGUARD TOTAL WORLD STOCK ETF,4,$92.34,,-$369.36
11/30/2020,Buy,VT,VANGUARD TOTAL WORLD STOCK ETF,18,$88.69,,"-$1,596.42"
11/27/2020,NRA Tax Adj,,SCHWAB1 INT 10/29-11/26,,,,-$0.26
11/27/2020,Credit Interest,,SCHWAB1 INT 10/29-11/26,,,,$0.87
10/29/2020,NRA Tax Adj,,SCHWAB1 INT 09/29-10/28,,,,-$0.27
10/29/2020,Credit Interest,,SCHWAB1 INT 09/29-10/28,,,,$0.90
10/28/2020,Buy,VT,VANGUARD TOTAL WORLD STOCK ETF,6,$80.00,,-$480.00
10/26/2020,Buy,VT,VANGUARD TOTAL WORLD STOCK ETF,6,$82.00,,-$492.00
10/13/2020,Buy,VT,VANGUARD TOTAL WORLD STOCK ETF,6,$84.00,,-$504.00
10/07/2020,NRA Tax Adj,,DEPOSITS & WITHDRAWALS,,,,-$90.00
10/07/2020,Promotional Award,,PROMOTIONAL AWARD,,,,$300.00
09/29/2020,NRA Tax Adj,,SCHWAB1 INT 08/28-09/28,,,,-$0.21
09/29/2020,Credit Interest,,SCHWAB1 INT 08/28-09/28,,,,$0.72
09/25/2020,Reinvest Shares,VT,VANGUARD TOTAL WORLD STOCK ETF,0.0432,$78.23,,-$3.38
09/24/2020,Reinvest Dividend,VT,VANGUARD TOTAL WORLD STOCK ETF,,,,$4.83
09/24/2020,NRA Tax Adj,VT,VANGUARD TOTAL WORLD STOCK ETF,,,,-$1.45
09/21/2020,Buy,VT,VANGUARD TOTAL WORLD STOCK ETF,5,$79.00,,-$395.00
09/21/2020,Buy,VT,VANGUARD TOTAL WORLD STOCK ETF,1,$79.00,,-$79.00
09/18/2020,Buy,VT,VANGUARD TOTAL WORLD STOCK ETF,6,$81.00,,-$486.00
09/09/2020,Wire Received,,WIRED FUNDS RECEIVED,,,,"$50,175.00"
09/03/2020,Buy,VT,VANGUARD TOTAL WORLD STOCK ETF,5,$83.00,,-$415.00
09/03/2020,Buy,VT,VANGUARD TOTAL WORLD STOCK ETF,1,$83.00,,-$83.00
08/28/2020,Credit Interest,,SCHWAB1 INT 07/30-08/27,,,,$0.03
08/25/2020,Wire Received,,WIRED FUNDS RECEIVED,,,,"$49,975.00"
